{"cameraMode":{"drawMode":0,"name":"Shaded","section":"Shading Mode"},"sceneLighting":false,"audioPlay":false,"sceneViewState":{"showFog":true,"showMaterialUpdate":false,"showSkybox":true,"showFlares":true,"showImageEffects":true,"showParticleSystems":true},"in2DMode":false,"pivot":{"x":5.86299991607666,"y":1.4078046083450318,"z":-32.46294021606445},"rotation":{"x":0.019291875883936883,"y":-0.9724770784378052,"z":0.0871698334813118,"w":0.21521525084972382},"size":3.357975959777832,"orthographic":true}